0.000000000000000000e+00,0.000000000000000000e+00,0.000000000000000000e+00,0.000000000000000000e+00,0.000000000000000000e+00,0.000000000000000000e+00
0.000000000000000000e+00,2.572373401307293580e-03,-2.873681287925141520e-03,3.013078866178489157e-04,-1.878754403298772663e-22,-9.600327385944869578e-19
-1.314284700758597456e-06,7.717083145485746296e-03,-8.620930897217478003e-03,9.034069816552218893e-04,-1.314284700758599574e-06,4.407700765106338718e-07
-7.228369293661357823e-06,1.543378998209215744e-02,-1.724068854202498446e-02,1.804474478999412972e-03,-7.228369293660727630e-06,2.424080933407567672e-06
-2.299769271839280317e-05,2.572127999193106127e-02,-2.872912303513816545e-02,3.000131446399858116e-03,-2.299769271835312815e-05,7.711596806719271210e-06
-5.584321120435261862e-05,3.857658813235703699e-02,-4.307682943142269322e-02,4.481520293802790378e-03,-5.584321120351339870e-05,1.872100525152317380e-05
-1.149408246273587010e-04,5.399382848690342795e-02,-6.026507872060913457e-02,6.232733688266675273e-03,-1.149408246182614859e-04,3.851654531514345919e-05
-2.114006388760626643e-04,7.196275605540343456e-02,-8.026119440039385100e-02,8.227648165705314653e-03,-2.114006388111971794e-04,7.079017839737859383e-05
-3.582314688922517195e-04,9.246710749279318797e-02,-1.030131983834951803e-01,1.042626190787602179e-02,-3.582314685460728505e-04,1.198289780710995532e-04
-5.702860038562401236e-04,1.154827992829509098e-01,-1.284439631637616375e-01,1.277069974650166251e-02,-5.702860023644335538e-04,1.904641137592464055e-04
-8.641830441725376196e-04,1.409760989255334773e-01,-1.564452213587740337e-01,1.518112501317023071e-02,-8.641830387228386593e-04,2.879973448132303916e-04
-1.258205521291042104e-03,1.689019216988962568e-01,-1.868719006255390447e-01,1.755187618435210747e-02,-1.258205503845387808e-03,4.181025008251997282e-04
-1.772176799535701841e-03,1.992024323646005568e-01,-2.195373429885360272e-01,1.974820776674512252e-02,-1.772176749423521377e-03,5.867021620319107103e-04
-2.427322842268403447e-03,2.318061350588616065e-01,-2.542099962410186431e-01,2.160403578301145835e-02,-2.427322710820526992e-03,7.998235714705670104e-04
-3.246133485336046964e-03,2.666276037368853769e-01,-2.906120964586861311e-01,2.292104605092220443e-02,-3.246133166239724682e-03,1.063442223044566270e-03
-4.252241055431940642e-03,3.035679344138216829e-01,-3.284206769727581188e-01,2.346940674447687419e-02,-4.252240331016495477e-03,1.383325689071298204e-03
-5.470337397497527544e-03,3.425158952397475143e-01,-3.672709546113275270e-01,2.299014466646568874e-02,-5.470335846589680084e-03,1.764892960117985226e-03
-6.926149795373420272e-03,3.833496308061911106e-01,-4.067618106780923615e-01,2.119903062477189459e-02,-6.926146642617083890e-03,2.213104886317236210e-03
-8.646491894085306731e-03,4.259386719363273954e-01,-4.464627808868140701e-01,1.779162367560071373e-02,-8.646485773634877275e-03,2.732398808516750977e-03
-1.065939835178713983e-02,4.701459399515129367e-01,-4.859217742862712019e-01,1.244899696638513548e-02,-1.065938694992604394e-02,3.326675543750431258e-03
-1.299434337987052240e-02,5.158294318227855113e-01,-5.246727043628242049e-01,4.843639826450660789e-03,-1.299432291110146076e-02,3.999340671366803830e-03
-1.568253580212211964e-02,5.628433285136245079e-01,-5.622423351056236029e-01,-5.354899528161385057e-03,-1.568250026111884035e-02,4.753395994963303256e-03
-1.875727868480945096e-02,6.110383657694933301e-01,-5.981558745551737166e-01,-1.847492887824466953e-02,-1.875721880151532892e-02,5.591572337369189391e-03
-2.225438105959832297e-02,6.602614193437902346e-01,-6.319411188771636434e-01,-3.483822220322459196e-02,-2.225428286554839014e-02,6.516492039141693823e-03
-2.621261305014586235e-02,7.103543620680664583e-01,-6.631311963690854627e-01,-5.475632113811680635e-02,-2.621245593916109173e-02,7.530848546560693982e-03
-3.067420361149724231e-02,7.611523340393034909e-01,-6.912661415465354287e-01,-7.852742712278905357e-02,-3.067395774499693389e-02,8.637590660219556654e-03
-3.568539188416509911e-02,8.124816255941470500e-01,-7.158936316581362425e-01,-1.064337406739915282e-01,-3.568501474724492667e-02,9.840099555136861548e-03
-4.129705899206161102e-02,8.641574094825369423e-01,-7.365692513144184161e-01,-1.387391081459990183e-01,-4.129649084646677681e-02,1.114234685863551601e-02
-4.756548760297801826e-02,9.159815811854739032e-01,-7.528566373453022820e-01,-1.756868722766136148e-01,-4.756464550007595549e-02,1.254902141091132454e-02
-5.455332274642192558e-02,9.677409822650391291e-01,-7.643278208988331102e-01,-2.174978728475124301e-01,-5.455209264646935369e-02,1.406561063475685915e-02
-6.233084040603577292e-02,1.019206296969972891e+00,-7.705640511657284586e-01,-2.643685899980390830e-01,-6.232906678295967173e-02,1.569841971246611553e-02
-7.097767116203237969e-02,1.070131931239560741e+00,-7.711573769077338936e-01,-3.164694476073896534e-01,-7.097514323043048468e-02,1.745450810659256863e-02
-8.058517463603806497e-02,1.120257209252725206e+00,-7.657133002361320440e-01,-3.739432794056374298e-01,-8.058160798099249511e-02,1.934151839683814419e-02
-9.125971452973263842e-02,1.169309260342187962e+00,-7.538549274572681202e-01,-4.369038851624268416e-01,-9.125472639337234293e-02,2.136736670584782685e-02
-1.031271364658656181e-01,1.217008025772958080e+00,-7.352292564371331052e-01,-5.054344434186487378e-01,-1.031202121648862047e-01,2.353975644365353601e-02
-1.163387821307320102e-01,1.263073900605855782e+00,-7.095165967123222561e-01,-5.795852723200517476e-01,-1.163292289334956486e-01,2.586546638319753635e-02
-1.310793330638941878e-01,1.307238647645317275e+00,-6.764446485515742680e-01,-6.593700162139809473e-01,-1.310662162096825067e-01,2.834934842683250328e-02
-1.475765389190487609e-01,1.349260361469222458e+00,-6.358094507115715777e-01,-7.447587850878102378e-01,-1.475585922150223495e-01,3.099294888655922814e-02
-1.661121352270488460e-01,1.388943322864848229e+00,-5.875060525616571105e-01,-8.356661820822828268e-01,-1.660876359467093055e-01,3.379264361470827455e-02
-1.870312500132085276e-01,1.426163252787746361e+00,-5.315717213981928646e-01,-9.319318695886873449e-01,-1.869978456358354912e-01,3.673717188457940180e-02
-2.107426786884621650e-01,1.460896943160508332e+00,-4.682420485392775333e-01,-1.033292279999981522e+00,-2.106971549120101039e-01,3.980453010469919839e-02
-2.376913948638373630e-01,1.493250821675047524e+00,-3.980118292925018397e-01,-1.139346287106131728e+00,-2.376293904935127266e-01,4.295850953651837723e-02
-2.682638169625161662e-01,1.523473307196820725e+00,-3.216727004444126514e-01,-1.249528186784585104e+00,-2.681795458559115275e-01,4.614607862694399681e-02
-3.025617638707146506e-01,1.551921654723191768e+00,-2.402687657042126279e-01,-1.363118502873187365e+00,-3.024479362770198243e-01,4.929874359628867025e-02
-3.400065463994521031e-01,1.578954344878778171e+00,-1.549059618396818605e-01,-1.479329294700738373e+00,-3.398548877682437408e-01,5.234327005258451043e-02
-3.789490376113891501e-01,1.604788859747400043e+00,-6.647806037327491646e-02,-1.597440769643114100e+00,-3.787518202384669297e-01,5.522441686653416920e-02
-4.168423694979976890e-01,1.629506318027826195e+00,2.434732841509057444e-02,-1.716823011363140639e+00,-4.165946055448856433e-01,5.792625605688999507e-02
-4.513033895939268514e-01,1.653329882320652144e+00,1.166195462533330396e-01,-1.836702154053679203e+00,-4.510041061634158521e-01,6.046488146875354103e-02
-4.811686488412866280e-01,1.676889287321611022e+00,2.086115359098241195e-01,-1.955928338244126818e+00,-4.808201526446143625e-01,6.285549816046380467e-02
-5.065175422315606468e-01,1.701122093592824180e+00,2.980369356992478291e-01,-2.073099498437434907e+00,-5.061236514009761489e-01,6.509344335524594460e-02
-5.280337622390985919e-01,1.726959119875989046e+00,3.826919660829658509e-01,-2.186898680533574613e+00,-5.275984479049015130e-01,6.716166403589976519e-02
-5.464844106547507296e-01,1.755100357039615533e+00,4.608984994696032622e-01,-2.296318853893456691e+00,-5.460112166947512780e-01,6.904446119351471955e-02
-5.625093764077414571e-01,1.785956818209381236e+00,5.315962970890618644e-01,-2.400696915739234605e+00,-5.620013268524539640e-01,7.073434352478417952e-02
-5.765895772426806731e-01,1.819688569827825564e+00,5.942384000276328404e-01,-2.499643939838413154e+00,-5.760492713655798180e-01,7.223253170229546050e-02
-5.890743898891268593e-01,1.856269874747554560e+00,6.486402650682671078e-01,-2.592955782283135502e+00,-5.885041334860590112e-01,7.354688747844376207e-02
-6.002169091309895732e-01,1.895548814675428906e+00,6.948517290280064040e-01,-2.680541633075683716e+00,-5.996188282650938284e-01,7.468953196592084676e-02
-6.102027168972402604e-01,1.937292775711042525e+00,7.330672388757850655e-01,-2.762377533731709800e+00,-6.095788419532034430e-01,7.567491738001240476e-02
-6.191707083251183352e-01,1.981220829482170709e+00,7.635687581542103253e-01,-2.838480153423993624e+00,-6.185230299926979258e-01,7.651843679147410371e-02
-6.272276135929052421e-01,2.027026331998433850e+00,7.866914380334990575e-01,-2.908894031450659945e+00,-6.265581158133696205e-01,7.723546303386429057e-02
-6.344580213374438893e-01,2.074392731940437606e+00,8.028036290248765638e-01,-2.973686695520948664e+00,-6.337686964818637358e-01,7.784069675475131789e-02
-6.409312720451447731e-01,2.123004696636528799e+00,8.122953842039467576e-01,-3.032947811864384224e+00,-6.402241230558997076e-01,7.834773602672144566e-02
-6.467061689678680336e-01,2.172555901906339404e+00,8.155717721438683343e-01,-3.086789969299938097e+00,-6.459832025369216524e-01,7.876881038677191471e-02
-6.518341560829303827e-01,2.222754319984522109e+00,8.130488259422172792e-01,-3.135349720311190413e+00,-6.510973702817806075e-01,7.911464160383270550e-02
-6.563614178629434415e-01,2.273325538825297976e+00,8.051509146531304895e-01,-3.178788174178456938e+00,-6.556127869836788635e-01,7.939440384559544317e-02
-6.603302284417387202e-01,2.324014487076878410e+00,7.923088987413675621e-01,-3.217290859608719522e+00,-6.595716871620959099e-01,7.961576103052098174e-02
-6.637797910318458117e-01,2.374585863528591467e+00,7.749587545114275944e-01,-3.251066824895852303e+00,-6.630132194035133208e-01,7.978496198339392331e-02
-6.667467455593952819e-01,2.424823537648941763e+00,7.535405159577350798e-01,-3.280347076484416924e+00,-6.659739557692982981e-01,7.990697628408056918e-02
-6.692654743932020533e-01,2.474529174401064680e+00,7.284974467668945408e-01,-3.305382509042145145e+00,-6.684881997882097249e-01,7.998565612364615107e-02
-6.713682981824048435e-01,2.523520328479442298e+00,7.002753599647461025e-01,-3.326441478421160891e+00,-6.705881846929035994e-01,8.002391214348197890e-02
-6.730856238560262161e-01,2.571628244080349290e+00,6.693219748250971435e-01,-3.343807133639291163e+00,-6.723042237042028413e-01,8.002389390992016571e-02
-6.744460833893940466e-01,2.618695583560362916e+00,6.360861598876764722e-01,-3.357774572005806757e+00,-6.736648508147742298e-01,7.998716806861189133e-02
-6.754766839250136989e-01,2.664574290355927300e+00,6.010168735653237393e-01,-3.368647827304186215e+00,-6.746969725875757717e-01,7.991488908402957780e-02
-6.762029762766693652e-01,2.709123766639803588e+00,5.645615947079710706e-01,-3.376736657540181152e+00,-6.754260379890208998e-01,7.980795867374340657e-02
-6.766492389053895273e-01,2.752209512044303086e+00,5.271640482846959852e-01,-3.382353077490418247e+00,-6.758762233824209265e-01,7.966717061115176357e-02
-6.768386675209449033e-01,2.793702323978012991e+00,4.892610867609111236e-01,-3.385807590635331543e+00,-6.760706229016262281e-01,7.949333765163864307e-02
-6.767935562059641530e-01,2.833478101561465401e+00,4.512786899955404385e-01,-3.387405118544948746e+00,-6.760314301825776084e-01,7.928739721191552237e-02
-6.765354543050801084e-01,2.871418226202397062e+00,4.136271888823079834e-01,-3.387440699364516750e+00,-6.757800957766352257e-01,7.905049244637170347e-02
-6.760852842883877667e-01,2.907410419178091399e+00,3.766959799229208095e-01,-3.386195117408319799e+00,-6.753374455253321473e-01,7.878402585107316392e-02
-6.754634092652108679e-01,2.941349911697240138e+00,3.408481461247712119e-01,-3.383930711337540309e+00,-6.747237486223498504e-01,7.848968370064780820e-02
-6.746896443012987410e-01,2.973140719337932669e+00,3.064154952615127381e-01,-3.380887663648073360e+00,-6.739587295392956978e-01,7.816943148422451915e-02
-6.737832122322765516e-01,3.002696801837835494e+00,2.736945377225445952e-01,-3.377281078204086295e+00,-6.730615245043539696e-01,7.782548279497336630e-02
-6.727626509943888111e-01,3.029942915360993805e+00,2.429438407811125300e-01,-3.373299096871273495e+00,-6.720505895282327113e-01,7.746024638251203243e-02
-6.716456843431378720e-01,3.054815022443111872e+00,2.143830286563121745e-01,-3.369102199530311204e+00,-6.709435718070572152e-01,7.707625778289378671e-02
-6.704490703314260891e-01,3.077260201237738357e+00,1.881934858784652942e-01,-3.364823697388873658e+00,-6.697571588290016642e-01,7.667610270971161879e-02
-6.691884418548484925e-01,3.097236072987409106e+00,1.645206129903360182e-01,-3.360571297757395381e+00,-6.685069194532725634e-01,7.626233909626507768e-02
-6.678781513808622616e-01,3.114709829330187585e+00,1.434773202562055761e-01,-3.356429515835199329e+00,-6.672071490515677494e-01,7.583742348219375817e-02
-6.665311285196233726e-01,3.129656979979392961e+00,1.251483505073445190e-01,-3.352462650708496916e+00,-6.658707273583045483e-01,7.540364569708377096e-02
-6.651587553146230958e-01,3.142059955002747706e+00,1.095949988832463362e-01,-3.348718030215779073e+00,-6.645089939103971943e-01,7.496307392462434049e-02
-6.637707607890243056e-01,3.151906688975453452e+00,9.685983074210050003e-02,-3.345229253419662818e+00,-6.631316426258936358e-01,7.451751058059216670e-02
-6.623751338136282252e-01,3.159189294313592189e+00,8.697106713191798955e-02,-3.342019205781798785e+00,-6.617466346072324868e-01,7.406845821455190770e-02
-6.609780518847796493e-01,3.163902905818466227e+00,7.994638788608551816e-02,-3.339102676507851086e+00,-6.603601267795253804e-01,7.361709391410922732e-02
-6.595838228149262239e-01,3.166044753790289157e+00,7.579597900178781933e-02,-3.336488459114112182e+00,-6.589764133876715446e-01,7.316425041207313962e-02
-6.581948364388398032e-01,3.165613502443342053e+00,7.452471403573192321e-02,-3.334180858912109802e+00,-6.575978774732164078e-01,7.271040217674805406e-02
-6.568115240036133118e-01,3.162608874942146819e+00,7.613340591751212305e-02,-3.332180562921366551e+00,-6.562249500125645341e-01,7.225565509773267114e-02
-6.554323237556277659e-01,3.157031575664011047e+00,8.061909776485427781e-02,-3.330484849973351480e+00,-6.548560752383512096e-01,7.179973887171767211e-02
-6.540536522288529220e-01,3.148883512712825627e+00,8.797438390855322199e-02,-3.329087134712866991e+00,-6.534876816520470699e-01,7.134200177488105032e-02
-6.526698817824666543e-01,3.138168317158175569e+00,9.818577185587057388e-02,-3.327975853114312432e+00,-6.521141592748616045e-01,7.088140812918833356e-02
-6.512733259536265251e-01,3.124892147682215793e+00,1.112311192707484964e-01,-3.327132713606938630e+00,-6.507278446977047270e-01,7.041653938529818246e-02
-6.498542350905829323e-01,3.109064758163898823e+00,1.270762137333366903e-01,-3.326530361259120383e+00,-6.493190163868381992e-01,6.994560030434709974e-02
-6.484008053776429970e-01,3.090700789616194655e+00,1.456706120854874831e-01,-3.326129536033163525e+00,-6.478759033456495953e-01,6.946643215441493380e-02
-6.468992045646204669e-01,3.069821226250015300e+00,1.669429226527976984e-01,-3.325875851264215477e+00,-6.463847104329537574e-01,6.897653504719906958e-02
-6.453336172269088511e-01,3.046454929391881894e+00,1.907957947977937385e-01,-3.325696373431846986e+00,-6.448296631524309541e-01,6.847310140418443047e-02
-6.436863109590018617e-01,3.020640135998075237e+00,2.171009665901073582e-01,-3.325496242760212162e+00,-6.431930733075013062e-01,6.795306193304698206e-02
-6.419377223756701500e-01,2.992425786700262602e+00,2.456947956467200322e-01,-3.325155624966335655e+00,-6.414554243928265453e-01,6.741314432470564555e-02
-6.400665581955718997e-01,2.961872539899844448e+00,2.763747368455266584e-01,-3.324527312255759259e+00,-6.395954720018877104e-01,6.684994315453027247e-02
-6.380499023681945880e-01,2.929053341874826799e+00,3.088972087959130919e-01,-3.323435280299837480e+00,-6.375903502249983257e-01,6.625999734458078161e-02
-6.358633159025243176e-01,2.894053463797866765e+00,3.429771911716302246e-01,-3.321674446042908624e+00,-6.354156707176711327e-01,6.563986935102128495e-02
-6.334809127630905978e-01,2.856969984238417748e+00,3.782897171200704234e-01,-3.319011758554751168e+00,-6.330455978315259191e-01,6.498621845172108946e-02
-6.308753939167228708e-01,2.817910780782645563e+00,4.144731927122080606e-01,-3.315188606855130615e+00,-6.304528819175322374e-01,6.429585960908194842e-02
-6.280180229665994762e-01,2.776993179761579889e+00,4.511342345343885007e-01,-3.309924373805465336e+00,-6.276088342584650315e-01,6.356579970325243467e-02
-6.248785307231788932e-01,2.734342478498718254e+00,4.878535224495860745e-01,-3.302920838975226481e+00,-6.244832309889393196e-01,6.279324449978121447e-02
-6.214249416628587763e-01,2.690090583442177774e+00,5.241920634747720964e-01,-3.293867065041699238e+00,-6.210441389482239671e-01,6.197557221771226449e-02
-6.176233210595756251e-01,2.644374993128654427e+00,5.596972749081856602e-01,-3.282444404319339260e+00,-6.172576622315919526e-01,6.111027244025102334e-02
-6.134374460275634489e-01,2.597338301867063493e+00,5.939084084330257252e-01,-3.268331326435336415e+00,-6.130876126492619260e-01,6.019485176290337997e-02
-6.088284054309243132e-01,2.549128321926361185e+00,6.263610148903230312e-01,-3.251207870914730957e+00,-6.084951090163259746e-01,5.922670957736213965e-02
-6.037541317165820987e-01,2.499898835549660969e+00,6.565903451482879571e-01,-3.230759639386801219e+00,-6.034381083025585069e-01,5.820298861009497171e-02
-5.981688617409419706e-01,2.449810907325320475e+00,6.841337558110726080e-01,-3.206681335317636439e+00,-5.978708656967395285e-01,5.712040542736661342e-02
-5.920225132654909350e-01,2.399034620368828641e+00,7.085323154500300369e-01,-3.178679919156646605e+00,-5.917433102632332353e-01,5.597506642459755544e-02
-5.852599485078885388e-01,2.347751048147844966e+00,7.293318816637797131e-01,-3.146477469880365252e+00,-5.850003076025551696e-01,5.476227522894778349e-02
-5.778200750655443363e-01,2.296154234836307761e+00,7.460839497038168622e-01,-3.109813835901841461e+00,-5.775807598830435818e-01,5.347633828435727904e-02
-5.696347062721401899e-01,2.244452925926974096e+00,7.583465759788242666e-01,-3.068449130896792720e+00,-5.694164653784318242e-01,5.211037684339340365e-02
-5.606270656682681430e-01,2.192871762355452780e+00,7.656856743464294235e-01,-3.022166098101421117e+00,-5.604306222860321318e-01,5.065615568013420722e-02
-5.507097713436840403e-01,2.141651621032170549e+00,7.676769910451942680e-01,-2.970772346731045399e+00,-5.505358126846628952e-01,4.910394143036782982e-02
-5.397820725979011192e-01,2.091048748018905279e+00,7.639091087846193728e-01,-2.914102475127984704e+00,-5.396312391694396693e-01,4.744240632567234273e-02
-5.277260305675286478e-01,2.041332281950467120e+00,7.539879398684756762e-01,-2.852020159246703823e+00,-5.275989058616098459e-01,4.565859597917320406e-02
-5.144012335115940582e-01,1.992779695860156686e+00,7.375433781659179733e-01,-2.784420429284814702e+00,-5.142983344532443546e-01,4.373798271525392717e-02
-4.996375166803185830e-01,1.945669581962671923e+00,7.142391358268619372e-01,-2.711232614388614515e+00,-4.995592850478855484e-01,4.166462896711563280e-02
-4.832250278740339855e-01,1.900271050136755679e+00,6.837873426515325148e-01,-2.632424840170816349e+00,-4.831718225445366111e-01,3.942148923885889500e-02
-4.649008905146672643e-01,1.856828799869719715e+00,6.459702609979786070e-01,-2.548011537604055299e+00,-4.648729797625040794e-01,3.699088515900881419e-02
-4.443318163013496580e-01,1.815542697113127657e+00,6.006723878358476432e-01,-2.458066125546606973e+00,-4.443293684129056009e-01,3.435519686269027095e-02
-4.210927344488807345e-01,1.776540627828160579e+00,5.479268742091034650e-01,-2.362741640485203742e+00,-4.211158035499215635e-01,3.149782297597464309e-02
-3.946439579467007630e-01,1.739844072066506264e+00,4.879793573451213784e-01,-2.262301918393741840e+00,-3.946924602229243129e-01,2.840446037115909594e-02
-3.643163557845619516e-01,1.705328647091024052e+00,4.213669144687590129e-01,-2.157163283212990113e+00,-3.643900296996394617e-01,2.506471820046367663e-02
-3.293313758767535404e-01,1.672689687925147384e+00,3.489936816858236757e-01,-2.047938127203444925e+00,-3.294297204986197380e-01,2.147397144835347729e-02
-2.889196105971741368e-01,1.641439851657488624e+00,2.721490181284635379e-01,-1.935452521873676002e+00,-2.890418044830362909e-01,1.763518692503210014e-02
-2.426550131410367128e-01,1.610990529945568239e+00,1.923611633611082561e-01,-1.820681112989879225e+00,-2.427998446734445370e-01,1.356046900118735785e-02
-1.911088951353398235e-01,1.580869249285485445e+00,1.109739041811810267e-01,-1.704537309281773494e+00,-1.912747935340186056e-01,9.272940275449219338e-03
-1.365880070138017210e-01,1.551004835998131215e+00,2.856906041594703405e-02,-1.587574199913601936e+00,-1.367733045801001746e-01,4.811193608440676381e-03
-8.300503643466268511e-02,1.521752277918676288e+00,-5.511771385844260740e-02,-1.469922165086426258e+00,-8.320845583333705275e-02,2.364506057233534478e-04
-3.419713052271436404e-02,1.493405629282867464e+00,-1.402539670095039881e-01,-1.351750870003506577e+00,-3.441817043560003314e-02,-4.366733441737005728e-03
7.862923816383704523e-03,1.465673906134467019e+00,-2.258526941533891552e-01,-1.233809235169200935e+00,7.624021917092584089e-03,-8.904839740772073353e-03
4.318063177200294478e-02,1.437724737313835321e+00,-3.098528254458129405e-01,-1.117383363438390509e+00,4.292320133384969899e-02,-1.329506436216012707e-02
7.275387854370933549e-02,1.408593104897776893e+00,-3.899615672548393808e-01,-1.003851300898983556e+00,7.247712330281008697e-02,-1.747654640404181295e-02
9.774993345104773801e-02,1.377498241442878690e+00,-4.643045125046976751e-01,-8.943423121269586940e-01,9.745308862977669628e-02,-2.141176104742627956e-02
1.191613199350802788e-01,1.343948739505447687e+00,-5.316245879894918591e-01,-7.896420480812806897e-01,1.188437147595198667e-01,-2.508272114680867165e-02
1.377432990056806916e-01,1.307720105295146595e+00,-5.912136874496052297e-01,-6.902411653674627168e-01,1.374043730532523433e-01,-2.848578169776705415e-02
1.540490936903542163e-01,1.268791284314064960e+00,-6.427666410795719321e-01,-5.964214848515216882e-01,1.536883968251245014e-01,-3.162694038327958784e-02
1.684815052200694940e-01,1.227282064652522653e+00,-6.862475032225830995e-01,-5.083302748644127345e-01,1.680986931735063139e-01,-3.451822911444025338e-02
1.813365940767021622e-01,1.183403781225665696e+00,-7.217921304805843263e-01,-4.260307762871785586e-01,1.809314233927212523e-01,-3.717515241802694936e-02
1.928358463413679114e-01,1.137423580246286869e+00,-7.496443037552688038e-01,-3.495320569624034146e-01,1.924081692797343923e-01,-3.961492591136170360e-02
2.031487691417532826e-01,1.089639224601084644e+00,-7.701161002034949687e-01,-2.788046455561804526e-01,2.026985282270517830e-01,-4.185527138061106295e-02
2.124085206338011123e-01,1.040361413807078694e+00,-7.835639696579767000e-01,-2.137876155634035880e-01,2.119357424612040297e-01,-4.391358980935185924e-02
2.207226713209810010e-01,9.899013869440276281e-01,-7.903743754619247941e-01,-1.543911326470104040e-01,2.202274594192658586e-01,-4.580639722337797454e-02
2.281805917936220174e-01,9.385623335735931994e-01,-7.909550463286567634e-01,-1.004970102605948767e-01,2.276631185747181318e-01,-4.754895289620558047e-02
2.348585010421097574e-01,8.866336659559874711e-01,-7.857294569203042700e-01,-5.195875145924340466e-02,2.343189990465990025e-01,-4.915503597069136033e-02
2.408228930132415291e-01,8.343875250408691047e-01,-7.751331725394641214e-01,-8.601842954930064011e-03,2.402616457648529547e-01,-5.063684045533473066e-02
2.461328464491566448e-01,7.820770670835890392e-01,-7.596113091702372255e-01,2.977538063739757629e-02,2.455501792602743372e-01,-5.200496524435151841e-02
2.508415776851803392e-01,7.299361654418125012e-01,-7.396167070895729445e-01,6.340024703449953503e-02,2.502378487261452955e-01,-5.326847912531398194e-02
2.549974933356994322e-01,6.781802039643258784e-01,-7.156085902516828856e-01,9.252370990671285322e-02,2.543730852147765842e-01,-5.443504291751099372e-02
2.586449247844810340e-01,6.270076594262045111e-01,-6.880515494166671298e-01,1.174178914002436680e-01,2.580002368034236548e-01,-5.551107294838326933e-02
2.618246704569947014e-01,5.766021844545877739e-01,-6.574146882261092673e-01,1.383733182363534875e-01,2.611601116256018207e-01,-5.650193226202102070e-02
2.645744297981100224e-01,5.271349163277198047e-01,-6.241707391122853776e-01,1.556959216435599702e-01,2.638904126211574774e-01,-5.741213809184596284e-02
2.669291813099907151e-01,4.787667547803999835e-01,-5.887949144558017878e-01,1.697038136338095415e-01,2.662261163076013459e-01,-5.824557591611815438e-02
2.689215334636703703e-01,4.316503767162093164e-01,-5.517632293983139036e-01,1.807237992492047862e-01,2.681998243538695204e-01,-5.900571159915350000e-02
2.705820599376860813e-01,3.859317912397988160e-01,-5.135500364275898955e-01,1.890875528387678250e-01,2.698420993971242798e-01,-5.969579361849097765e-02
2.719396181558806913e-01,3.417512886977845943e-01,-4.746245657553055386e-01,1.951273897893656684e-01,2.711817840791737044e-01,-6.031903732938612150e-02
2.730216417311925881e-01,2.992437051309920770e-01,-4.354463799151113701e-01,1.991716114628249712e-01,2.722462939272991544e-01,-6.087878299506969265e-02
2.738543928756524970e-01,2.585380074682131490e-01,-3.964598227174613299e-01,2.015394889800971034e-01,2.730618701662768655e-01,-6.137861945651649359e-02
2.744631600618586686e-01,2.197562974231824506e-01,-3.580877494801388283e-01,2.025360668239281070e-01,2.736537777762226287e-01,-6.182246639855334264e-02
2.748723890771542222e-01,1.830124190441848875e-01,-3.207250256526204546e-01,2.024470830947362188e-01,2.740464369635031705e-01,-6.221461057633962538e-02
2.751057415056572530e-01,1.484104177092232524e-01,-2.847324218360490211e-01,2.015343853895401882e-01,2.742634820971232568e-01,-6.255969508882547325e-02
2.751860823713231929e-01,1.160431203363017083e-01,-2.504315678511015442e-01,2.000322389167683290e-01,2.743277498487565191e-01,-6.286266531469078545e-02
2.751354064365968966e-01,8.599107975424459538e-02,-2.181015351750540121e-01,1.981448617921691135e-01,2.742612060230954496e-01,-6.312867954735219833e-02
2.749747186832210422e-01,5.832205588409952041e-02,-1.879774110879527949e-01,1.960453903705929313e-01,2.740848265868177647e-01,-6.336299565743666595e-02
2.747238875340090591e-01,3.309111027211328326e-02,-1.602509584293089762e-01,1.938763056782679128e-01,2.738184514311012840e-01,-6.357084652365263544e-02
2.744014890550976471e-01,1.034129228016429300e-02,-1.350731871187227096e-01,1.917511817632652216e-01,2.734806290832918485e-01,-6.375731630073967759e-02
2.740246572912281575e-01,-9.895183878402102895e-03,-1.125584550481585205e-01,1.897574847595367153e-01,2.730884675010776252e-01,-6.392722720952150051e-02
2.736089512116149369e-01,-2.759541970878780573e-02,-9.278959887893048486e-02,1.879600783934942121e-01,2.726575014150972587e-01,-6.408504319267255278e-02
2.731682437680972853e-01,-4.274413360302330850e-02,-7.582357195511341130e-02,1.864050791182480238e-01,2.722015817182918407e-01,-6.423479331020244543e-02
2.727146342871256124e-01,-5.533193374849821461e-02,-6.169711637799217552e-02,1.851237388510406368e-01,2.717327881273312595e-01,-6.438001479950170025e-02
2.722583823611381404e-01,-6.535368624929190073e-02,-5.043208842859864260e-02,1.841360955173635405e-01,2.712613632905476746e-01,-6.452371364338960191e-02
2.718078596658548562e-01,-7.280706876727008336e-02,-4.204016140230565357e-02,1.834542020826925302e-01,2.707956647805608297e-01,-6.466833933725070482e-02
2.713695155145037230e-01,-7.769136894833816864e-02,-3.652672599360946154e-02,1.830848094187091657e-01,2.703421307949933627e-01,-6.481577019240428172e-02
2.709478521553322916e-01,-8.000656220917658212e-02,-3.389388394359860862e-02,1.830314295025242677e-01,2.699052555831842337e-01,-6.496730574380020495e-02
2.705454065177089196e-01,-7.975268642864971613e-02,-3.414248243619739942e-02,1.832957408593123005e-01,2.694875713138873419e-01,-6.512366343299078042e-02
2.701627360783212528e-01,-7.692952102458242014e-02,-3.727316712262300491e-02,1.838783193784802872e-01,2.690896340626351413e-01,-6.528497754484953453e-02
2.697984076033990153e-01,-7.153657298332571912e-02,-4.328644630082671002e-02,1.847786883597178076e-01,2.687100126789674914e-01,-6.545079927962212107e-02
2.694489886495223252e-01,-6.357337030985218962e-02,-5.218176478920466543e-02,1.859946865884031797e-01,2.683452804171989059e-01,-6.562009778100931501e-02
2.691090428420332969e-01,-5.304006155584552185e-02,-6.395559105435036362e-02,1.875211574869819764e-01,2.679900103474653350e-01,-6.579126288647549337e-02
2.687711310722434299e-01,-3.993831600922931324e-02,-7.859853290760897282e-02,1.893479710887881473e-01,2.676367766823731786e-01,-6.596211129440435195e-02
2.684258218101641114e-01,-2.427251034090707749e-02,-9.609152301562103038e-02,1.914574086797761754e-01,2.672761652063864179e-01,-6.612989871222617333e-02
2.680617146035677023e-01,-6.051171916186169619e-03,-1.164011620008556513e-01,1.938209717006286747e-01,2.668967968655363010e-01,-6.629134127731178827e-02
2.676654813244133679e-01,1.471137461784014985e-02,-1.394743779845435960e-01,1.963957244834661497e-01,2.664853690621515891e-01,-6.644264998828801339e-02
2.672219295368816749e-01,3.799324196420417188e-02,-1.652326561603402189e-01,1.991203440107975342e-01,2.660267190105984891e-01,-6.657958185037364529e-02
2.667140911512850265e-01,6.376321592140643535e-02,-1.935662017439108984e-01,2.019111234585030945e-01,2.655039123002089774e-01,-6.669751069398362209e-02
2.661233369929887349e-01,9.197914507420958119e-02,-2.243285056238314978e-01,2.046582475581686933e-01,2.648983572796118624e-01,-6.679151897233862045e-02
2.654295139562553030e-01,1.225866575262503089e-01,-2.573318553275685816e-01,2.072227080109336761e-01,2.641899419242444425e-01,-6.685650921577368511e-02
2.646110963187188747e-01,1.555183734499700487e-01,-2.923443402144376702e-01,2.094342341154455667e-01,2.633571847648752406e-01,-6.688733040244661254e-02
2.636453373652786203e-01,1.906937435257229918e-01,-3.290888099652205523e-01,2.110905586351990437e-01,2.623773860404620129e-01,-6.687891080803740063e-02
2.625084029748522285e-01,2.280195676817337869e-01,-3.672440497796578551e-01,2.119582154915087002e-01,2.612267607553240278e-01,-6.682638572207613703e-02
2.611754666793163482e-01,2.673911447706251443e-01,-4.064481560545438188e-01,2.117748880987488369e-01,2.598805331847387490e-01,-6.672520666303227710e-02
2.596207469714257865e-01,3.086938925226325736e-01,-4.463037876173740481e-01,2.102531301198055369e-01,2.583129736419649269e-01,-6.657121906188447069e-02
2.578174725060398687e-01,3.518051854064564998e-01,-4.863847039221969037e-01,2.070851112532119120e-01,2.564973631803158516e-01,-6.636069795288121465e-02
2.557377683975227689e-01,3.965961100466930400e-01,-5.262428502698577315e-01,2.019479419618069871e-01,2.544058794480423269e-01,-6.609033548618958864e-02
2.533524652903819674e-01,4.429328455102322648e-01,-5.654152456673811056e-01,1.945091243594881947e-01,2.520094053692108482e-01,-6.575717903254373053e-02
2.506308402250905787e-01,4.906774346882219473e-01,-6.034300610841529799e-01,1.844317546312706224e-01,2.492772696498364859e-01,-6.535852314132081786e-02
2.475403028687374885e-01,5.396878055710592204e-01,-6.398114970049838535e-01,1.713792344521994082e-01,2.461769326414948444e-01,-6.489176180051181575e-02
2.440460415077532474e-01,5.898170047551959394e-01,-6.740833161617256764e-01,1.550193940875383702e-01,2.426736319143727449e-01,-6.435420904196563485e-02
2.401106400841598598e-01,6.409117007274102162e-01,-7.057711047889760891e-01,1.350280524066445054e-01,2.387299987760716780e-01,-6.374289619770293069e-02
2.356936706207932997e-01,6.928100904351075506e-01,-7.344034906292027376e-01,1.110921174054497473e-01,2.343056500445721002e-01,-6.305435365253049540e-02
2.307512546611521498e-01,7.453393973392831162e-01,-7.595126298478406257e-01,8.291235941446416235e-02,2.293567486793075538e-01,-6.228438445617693470e-02
2.252355724773750234e-01,7.983131867237714951e-01,-7.806342981593580310e-01,5.020597457189755058e-02,2.238355120238820772e-01,-6.142783724100600584e-02
2.190942788828414145e-01,8.515287512200357956e-01,-7.973079035315741026e-01,1.270901174168048708e-02,2.176896265240752526e-01,-6.047838689694982894e-02
2.122697581702305547e-01,9.047648426838769131e-01,-8.090767009804662457e-01,-2.982132226571255346e-02,2.108615014999391246e-01,-5.942833348217262807e-02
2.046981163394252512e-01,9.577800503685318656e-01,-8.154884553638171996e-01,-7.760452014556634692e-02,2.032872602256513284e-01,-5.826843275625775975e-02
1.963077646487388361e-01,1.010312152787146145e+00,-8.160967861624764952e-01,-1.308348714096101428e-01,1.948953224659620009e-01,-5.698777519002251601e-02
1.870173929378608491e-01,1.062078804529811737e+00,-8.104634617157400189e-01,-1.896798737377111965e-01,1.856043770448486396e-01,-5.557373392642737248e-02
1.767330625956663182e-01,1.112779964626680940e+00,-7.981620191844279733e-01,-2.542789656628365869e-01,1.753204744317900521e-01,-5.401200562007862915e-02
1.653440663820402445e-01,1.162102540394519323e+00,-7.787833139220697865e-01,-3.247424242541316897e-01,1.639328866093516524e-01,-5.228677139967558007e-02
1.527171064551775259e-01,1.209727829529427368e+00,-7.519440104082920628e-01,-4.011499672551353535e-01,1.513082855084529887e-01,-5.038100911605358084e-02
1.386882418332993916e-01,1.255342522899964619e+00,-7.172996990911837401e-01,-4.835480992679067613e-01,1.372826909697037190e-01,-4.827699435029457475e-02
1.230519884584739959e-01,1.298654312233936459e+00,-6.745653442521369891e-01,-5.719444896476308937e-01,1.216505708007727116e-01,-4.595703926689312380e-02
1.055470387017922451e-01,1.339413528565273293e+00,-6.235471485851407092e-01,-6.662966499509089813e-01,1.041505586561739388e-01,-4.340453842997901018e-02
8.583865746704806565e-02,1.377442578644559878e+00,-5.641913680681297505e-01,-7.664910450215769444e-01,8.444784494885441972e-02,-4.060541924740976999e-02
6.349988845473196475e-02,1.412674703293685496e+00,-4.966559385239030511e-01,-8.723081833772469151e-01,6.211537101579720638e-02,-3.755012072549317181e-02
3.799977075423825734e-02,1.445201235293995801e+00,-4.214066286773600623e-01,-9.833710771716401844e-01,3.662202113624928035e-02,-3.423621019333263071e-02
8.722417301921688709e-03,1.475318723245157226e+00,-3.393233716603635264e-01,-1.099082939244751422e+00,7.351655634463341582e-03,-3.067161357051688061e-02
-2.492529226157218572e-02,1.503548977330217085e+00,-2.517632670412878193e-01,-1.218581425184537048e+00,-2.628927011696523264e-02,-2.687808530700190601e-02
-6.321188813076887569e-02,1.530577409236280273e+00,-1.604659519022640368e-01,-1.340770821250183431e+00,-6.456997313931314708e-02,-2.289404798809261191e-02
-1.055078687861762954e-01,1.557055832365701553e+00,-6.718097522086345641e-02,-1.464500883855741176e+00,-1.068619289201806904e-01,-1.877580733572101201e-02
-1.497212685977708513e-01,1.583348759765964564e+00,2.684465905153908538e-02,-1.588832701039540662e+00,-1.510742242472202235e-01,-1.459670957252695231e-02
-1.926301168744907200e-01,1.609541773904754836e+00,1.208951949199277842e-01,-1.713080335174963498e+00,-1.939855030777697942e-01,-1.044299690825817653e-02
-2.314275428059512918e-01,1.635848819037071689e+00,2.140307956252114896e-01,-1.836460767157352514e+00,-2.327887079351478872e-01,-6.402974488200570760e-03
-2.649355910226302568e-01,1.662902212277729941e+00,3.045385006352487323e-01,-1.957834624057836148e+00,-2.663051337514571459e-01,-2.551819547131007476e-03
-2.933742776114554029e-01,1.691565303791131347e+00,3.903157822183624948e-01,-2.075909850978535420e+00,-2.947539734784265231e-01,1.058035756068680892e-03
-3.175400950742812700e-01,1.722599990666562109e+00,4.695298328403031962e-01,-2.189576398728009465e+00,-3.189310794497293711e-01,4.397340654739992707e-03
-3.382681551878094495e-01,1.756499847903647549e+00,5.409262359905558926e-01,-2.298050289955614112e+00,-3.396711281839386309e-01,7.455428450835393378e-03
-3.562452563729620048e-01,1.793484218356120596e+00,6.038085481531099141e-01,-2.400845085144862168e+00,-3.576606341613529638e-01,1.023466646339833523e-02
-3.719910878261392106e-01,1.833557376203565514e+00,6.578962250270168344e-01,-2.497685320848956003e+00,-3.734191027299784138e-01,1.274576026235170294e-02
-3.858891942774044792e-01,1.876574328168037376e+00,7.031834417063147491e-01,-2.588427770138623796e+00,-3.873299603730930851e-01,1.500431836493312278e-02
-3.982229058932021393e-01,1.922293867542238521e+00,7.398356000800851984e-01,-2.673008427869000503e+00,-3.996764630377150906e-01,1.702850586794201621e-02
-4.092044996788485323e-01,1.970417068737893906e+00,7.681227424890236799e-01,-2.751412571210280156e+00,-4.106708437746983686e-01,1.883747803766594453e-02
-4.189965583424321571e-01,2.020614344219295866e+00,7.883795282468729626e-01,-2.823660486468591468e+00,-4.204756623241750479e-01,2.045032919133031937e-02
-4.277270358617205059e-01,2.072544419023853113e+00,8.009820241316356615e-01,-2.889802304601629235e+00,-4.292188640513335818e-01,2.188537815099519251e-02
-4.354997037003130456e-01,2.125867667958383223e+00,8.063344079983543189e-01,-2.949917379395594619e+00,-4.370042212241996848e-01,2.315968357148665349e-02
-4.424013038697989786e-01,2.180255379608026178e+00,8.048612628177153061e-01,-3.004115382638158138e+00,-4.439184823391513768e-01,2.428872877335887595e-02
-4.485063788212695912e-01,2.235395912406421548e+00,7.970029542342997875e-01,-3.052537533813395321e+00,-4.500361992107188014e-01,2.528624075890693185e-02
-4.538804784284898863e-01,2.290998363287688022e+00,7.832127340205765620e-01,-3.095357199745845111e+00,-4.554229319192175107e-01,2.616411956990818272e-02
-4.585822526884870132e-01,2.346794195661676685e+00,7.639548882394717744e-01,-3.132779608079331535e+00,-4.601373401108045935e-01,2.693245857859299930e-02
-4.626648013459972453e-01,2.402537198160361598e+00,7.397036134009129515e-01,-3.165040710083157904e+00,-4.642325317387919204e-01,2.759963800958479749e-02
-4.661765499222134679e-01,2.458002119816315556e+00,7.109424673171289566e-01,-3.192405367467739730e+00,-4.677569386169925791e-01,2.817247530610466830e-02
-4.691618442733966332e-01,2.512982322738100738e+00,6.781642755076638940e-01,-3.215165069228546724e+00,-4.707549108108627922e-01,2.865641776751922526e-02
-4.716613963325489434e-01,2.567286795975337377e+00,6.418713254582725236e-01,-3.233635340777111011e+00,-4.732671624331048488e-01,2.905576518512235570e-02
-4.737126680639607290e-01,2.620736878159932282e+00,6.025755829271769448e-01,-3.248152915533330187e+00,-4.753311558023791128e-01,2.937391251866365571e-02
-4.753502458527645302e-01,2.673163038233335786e+00,5.607985459701345654e-01,-3.259072623856430262e+00,-4.769814761314514762e-01,2.961360437922289091e-02
-4.766062309407866349e-01,2.724402057914897313e+00,5.170702460228840946e-01,-3.266763842523671801e+00,-4.782502223137601316e-01,2.977719369231643376e-02
-4.775106508987849718e-01,2.774294937003998207e+00,4.719268515166795686e-01,-3.271606270395802429e+00,-4.791674187667052109e-01,2.986689614680468341e-02
-4.780918809916009371e-01,2.822685789482329177e+00,4.259063742824539256e-01,-3.273984785137888487e+00,-4.797614371636169106e-01,2.988503004385780967e-02
-4.783770521756290361e-01,2.869421900967804362e+00,3.795421633334824518e-01,-3.274283219878551865e+00,-4.800594047736049808e-01,2.983422863051274354e-02
-4.783924150134439279e-01,2.914354970622816676e+00,3.333542090174345107e-01,-3.272877087654615380e+00,-4.800875686765522232e-01,2.971761013854469502e-02
-4.781636273607418053e-01,2.957343374921058921e+00,2.878387365622703253e-01,-3.270125552439742123e+00,-4.798715836932055945e-01,2.953889101655368665e-02
-4.777159393938945620e-01,2.998255101294374558e+00,2.434570419996681667e-01,-3.266363234673582472e+00,-4.794366975870158476e-01,2.930243141252367525e-02
-4.770742620641253429e-01,3.036970858109773630e+00,2.006248704548715955e-01,-3.261892653253330110e+00,-4.788078196176485113e-01,2.901320902269305738e-02
-4.762631218297453950e-01,3.073386823039977234e+00,1.597037204501320085e-01,-3.256978156380836431e+00,-4.780094752988448548e-01,2.867672673934296146e-02
-4.753065211406853896e-01,3.107416567326672485e+00,1.209952179728447097e-01,-3.251842040015332280e+00,-4.770656668438437165e-01,2.829886868613582657e-02
-4.742277360005882625e-01,3.138991869540587842e+00,8.473919675317485856e-02,-3.246663228830279468e+00,-4.759996706388914811e-01,2.788572556574337238e-02
-4.730490861055337004e-01,3.168062354415217108e+00,5.111550021502183488e-02,-3.241578497484149946e+00,-4.748338072624390116e-01,2.744341204866840300e-02
-4.717917094908191666e-01,3.194594094578491195e+00,2.024896732633432728e-02,-3.236685855523750988e+00,-4.735892159997205364e-01,2.697789614908314981e-02
-4.704753647263134608e-01,3.218567447125178838e+00,-7.783289318579796751e-03,-3.232049492297288218e+00,-4.722856569083520029e-01,2.649485459754801278e-02
-4.691182729526847117e-01,3.239974446748071557e+00,-3.294331833611496146e-02,-3.227705606210806266e+00,-4.709413527376803965e-01,2.599956122293333935e-02
-4.677370024358739609e-01,3.258816055630398001e+00,-5.522339581218028287e-02,-3.223668500448577667e+00,-4.695728733848626990e-01,2.549680912729790708e-02
-4.663463915069059329e-01,3.275099505781370990e+00,-7.463743656312961383e-02,-3.219936462525743615e+00,-4.681950587564047139e-01,2.499086301859734446e-02
-4.649595020742116613e-01,3.288835890820132501e+00,-9.121322312559379530e-02,-3.216497104481082836e+00,-4.668209722212732227e-01,2.448543567113806510e-02
-4.635875947899758542e-01,3.300038092036079007e+00,-1.049857069206524551e-01,-3.213331985875150121e+00,-4.654618757345571067e-01,2.398368177190491821e-02
-4.622401175293205933e-01,3.308719068295387089e+00,-1.159914695307403959e-01,-3.210420453574601929e+00,-4.641272182874117136e-01,2.348820282063103157e-02
-4.609247002620573963e-01,3.314890503346267892e+00,-1.242643234155555582e-01,-3.207742706136833100e+00,-4.628246307599905296e-01,2.300105774401166661e-02
-4.596471510512845637e-01,3.318561784936052916e+00,-1.298319734610758336e-01,-3.205282130840619192e+00,-4.615599219089668859e-01,2.252377506056588499e-02
-4.584114494449669230e-01,3.319739283742190850e+00,-1.327136412075268224e-01,-3.203026975905116647e+00,-4.603370717535678058e-01,2.205736355303950305e-02
-4.572197347827078873e-01,3.318425902293765883e+00,-1.329185601708480213e-01,-3.200971417201263769e+00,-4.591582198805760351e-01,2.160231936197184316e-02
-4.560722879021727461e-01,3.314620871483885622e+00,-1.304452734078357101e-01,-3.199116064381128055e+00,-4.580236471514340657e-01,2.115862818862569369e-02
-4.549675054577497768e-01,3.308319782565591893e+00,-1.252816961751211100e-01,-3.197467930696439975e+00,-4.569317500231082629e-01,2.072576192235974987e-02
-4.539018666569464289e-01,3.299514854067788772e+00,-1.174059421936112374e-01,-3.196039867307257420e+00,-4.558790072876822141e-01,2.030266954874586707e-02
-4.528698927934243779e-01,3.288195444675529711e+00,-1.067879478880980060e-01,-3.194849439259898283e+00,-4.548599396095002190e-01,1.988776272454908720e-02
-4.518641006289730866e-01,3.274348833653820012e+00,-9.339196140630187659e-02,-3.193917199112596528e+00,-4.538670629126133615e-01,1.947889700118383277e-02
-4.508749515619210335e-01,3.257961298387467508e+00,-7.717998765399831929e-02,-3.193264298600465789e+00,-4.528908375571547573e-01,1.907335041116692623e-02
-4.498907997027251082e-01,3.239019521908570010e+00,-5.811629045889626921e-02,-3.192909373221215041e+00,-4.519196164273534544e-01,1.866780205677499166e-02
-4.488978434873078793e-01,3.217512358798315653e+00,-3.617303904206288501e-02,-3.192864645370875110e+00,-4.509395965647439719e-01,1.825831447294302620e-02
-4.478800872139748757e-01,3.193432971560418832e+00,-1.133713629707096618e-02,-3.193131226514862586e+00,-4.499347807365407514e-01,1.784032482298599995e-02
-4.468193206287332520e-01,3.166781317056558187e+00,1.638183212634072849e-02,-3.193693666315380320e+00,-4.488869570693006517e-01,1.740865125655028864e-02
-4.456951258914507719e-01,3.137566910494227646e+00,4.694274641774270895e-02,-3.194513903050806736e+00,-4.477757060865657501e-01,1.695752168452452704e-02
-4.444849211319115145e-01,3.105811723022191106e+00,8.026363365916924786e-02,-3.195524914570901043e+00,-4.465784443662003667e-01,1.648063229557646808e-02
-4.431640473520375156e-01,3.071552985657937107e+00,1.162125706196097119e-01,-3.196624538546133820e+00,-4.452705115797991886e-01,1.597124171530863931e-02
-4.417058997397662612e-01,3.034845594900992261e+00,1.545997399071538381e-01,-3.197670091701052986e+00,-4.438253019839222269e-01,1.542230320144166202e-02
-4.400820952340259162e-01,2.995763772497879618e+00,1.951717200172741473e-01,-3.198474517118056415e+00,-4.422144322036899444e-01,1.482663145553658919e-02
-4.382626563552930454e-01,2.954401656528077957e+00,2.376090498467740009e-01,-3.198804764816764568e+00,-4.404079253203356248e-01,1.417709304990798398e-02
-4.362161794226424583e-01,2.910872617087146175e+00,2.815278083008745935e-01,-3.198382918144956122e+00,-4.383743793772195696e-01,1.346680165111940539e-02
-4.339099470578896001e-01,2.865307294147799944e+00,3.264853929450334258e-01,-3.196890219743574679e+00,-4.360810801972811457e-01,1.268929349561689554e-02
-4.313099439329216578e-01,2.817850606462949159e+00,3.719899777999789992e-01,-3.193973696935161311e+00,-4.334940174633177268e-01,1.183865726170873871e-02
-4.283807426419612985e-01,2.768658206870657335e+00,4.175124763244939530e-01,-3.189254663856885941e+00,-4.305777709461880987e-01,1.090959676834897876e-02
-4.250852416807591183e-01,2.717892986857070703e+00,4.624994390318762916e-01,-3.182338119046307146e+00,-4.272952488790994208e-01,9.897414043896761437e-03
-4.213842551286539062e-01,2.665722219943775340e+00,5.063852972313351852e-01,-3.172822038932737065e+00,-4.236072781059213588e-01,8.797911667619428763e-03
